Dm1,Dm2,Dm1m2,DDe,list of mutations,HD,distance from max/min D single mutation
-5.432726216909941,-5.4697637524222955,-4.8142910691094585,6.088198900222778,None,0,0
-2.9662235332652926,-3.1801368532469496,-0.05816148628946394,6.088198900222778,"['C9B', 'C30A', 'C49A', 'A100B', 'B105A', 'D111B', 'C123A', 'B146A', 'A150B']",9,2.9080620469758287
-2.9662235332652926,-3.1801368532469496,-0.05816148628946394,6.088198900222778,"['C9B', 'C30A', 'C49A', 'A100B', 'B105A', 'D111B', 'C123A', 'B146A', 'A150B']",9,2.9080620469758287
-3.2970341416075826,-2.1925882197683677,0.598576538846828,6.088198900222778,"['D16A', 'B83A', 'D111B', 'C123B', 'D124A', 'B200A', 'A202B', 'C233D', 'B255A']",9,2.7911647586151958
-3.7187470564967953,-2.8516614058753476,-0.4822095621493645,6.088198900222778,"['D16A', 'C30A', 'C49A', 'A100B', 'D111B', 'C139D', 'D147B', 'B253C']",8,2.369451843725983
-1.9187586870975792,-3.8695091999834403,0.29993101314175874,6.088198900222778,"['D16A', 'B44A', 'C49A', 'A100B', 'D111B', 'C123A', 'D124A', 'D142C', 'C155A', 'B200A', 'B255A']",11,2.218689700239338
-3.416739140637219,-4.0195453356718644,-1.348085576086305,6.088198900222778,"['A100B', 'C123A', 'A154C', 'B172A', 'A192C']",5,2.068653564550914
-4.021012953424361,-3.9271210165461525,-1.8599350697477348,6.088198900222778,"['C30A', 'A100B', 'D118A', 'C121B', 'D124A', 'A154C', 'B200A', 'B204A', 'C214B', 'C220D', 'A221C', 'B255A']",12,2.0671859467984177
-3.7380815502256155,-4.034433137043379,-1.6843157870462164,6.088198900222778,"['A100C', 'C123D', 'D124A', 'B134C', 'A150B', 'A154C', 'A162C', 'B200A', 'C233D', 'B255A']",10,2.053765763179399
-2.9284388790256344,-4.104514524224214,-0.9447545030270703,6.088198900222778,"['B62A', 'A72B', 'A73C', 'A95B', 'A100B', 'D111B', 'C139D', 'D147B', 'C207A', 'C231A']",10,1.983684375998564
-2.9284388790256344,-4.104514524224214,-0.9447545030270703,6.088198900222778,"['B62A', 'A72B', 'A73C', 'A95B', 'A100B', 'D111B', 'C139D', 'D147B', 'C207A', 'C231A']",10,1.983684375998564
-3.5924110351479612,-4.110445625963621,-1.6146577608888038,6.088198900222778,"['B19A', 'A71D', 'D111B', 'D118B', 'B200A', 'D229A', 'C231A']",7,1.9777532742591575
-3.883598290849477,-4.136114063090645,-1.9315134537173435,6.088198900222778,"['D16A', 'C30A', 'A100B', 'C123A', 'A150B', 'C233D']",6,1.9520848371321335
-3.8439242909662426,-4.1728714247001335,-1.9285968154435977,6.088198900222778,"['A10B', 'C30A', 'A100B', 'C123D', 'D137B', 'C194D', 'A202B', 'C214B']",8,1.9153274755226448
-3.8439242909662426,-4.1728714247001335,-1.9285968154435977,6.088198900222778,"['A10B', 'C30A', 'A100B', 'C123D', 'D137B', 'C194D', 'A202B', 'C214B']",8,1.9153274755226448
-3.2799333604052663,-4.239010203978978,-1.430744664161466,6.088198900222778,"['D16A', 'A73B', 'A96B', 'A100B', 'D118A', 'C121B', 'C123A', 'D124A', 'D142C', 'C233A', 'C258A']",11,1.8491886962438002
-4.253752088174224,-3.384621629375033,-1.5501748173264787,6.088198900222778,"['D16A', 'A100B', 'D111B', 'C121B', 'C123D', 'B200A', 'C207A', 'B255A']",8,1.8344468120485544
-2.91958884941414,-4.299554237979464,-1.130944187170826,6.088198900222778,"['C123A', 'A150B', 'A154C', 'A161B', 'A169B', 'B199A', 'B200A', 'C219B', 'C233D']",9,1.788644662243314
-3.8630772046162747,-4.341336558922194,-2.1162148633156903,6.088198900222778,"['C49A', 'A100B', 'A192C', 'B200A', 'D229A', 'B255A']",6,1.7468623413005844
-4.368547133577522,-3.705223037279211,-1.9855712706339546,6.088198900222778,"['C30A', 'B105A', 'D229A', 'C231A']",4,1.7196517666452564
-4.376237456686795,-4.175417000311427,-2.4634555567754433,6.088198900222778,"['D38A', 'A73D', 'A96B', 'A100B', 'D118B', 'C123A', 'D124A', 'B134C', 'D142A', 'A180B', 'B200A', 'C231D']",12,1.7119614435359836
-4.355391661578324,-4.379859867854975,-2.6470526292105205,6.088198900222778,"['B22D', 'C30A', 'A100B', 'D118A', 'C121B', 'D124A', 'B200A', 'C214B', 'C220D', 'A221C', 'B255A']",11,1.7083390323678032
-3.450064337288495,-4.391292801476084,-1.7531582385418005,6.088198900222778,"['C30A', 'B44A', 'A100B', 'D118C', 'B134C', 'A180B', 'B205A', 'D210C']",8,1.6969060987466946
-3.6698881973861717,-4.430516447755508,-2.0122057449189015,6.088198900222778,"['C30A', 'A100B', 'D118A', 'C121B', 'D124A', 'A154C', 'C214B', 'C220D', 'A221C', 'B255A']",10,1.6576824524672702
-4.430732261796948,-3.0275451260386035,-1.3700784876127727,6.088198900222778,"['C30A', 'B44A', 'B48C', 'A96B', 'A100B', 'D142C', 'A162C', 'B200A', 'C214B']",9,1.6574666384258308
-4.430732261796948,-3.0275451260386035,-1.3700784876127727,6.088198900222778,"['C30A', 'B44A', 'B48C', 'A96B', 'A100B', 'D142C', 'A162C', 'B200A', 'C214B']",9,1.6574666384258308
-4.443056381714996,-3.885844810749404,-2.2407022922416218,6.088198900222778,"['D16A', 'D124A', 'A192C', 'B200A', 'C231A']",5,1.6451425185077824
-4.443056381714996,-3.885844810749404,-2.2407022922416218,6.088198900222778,"['D16A', 'D124A', 'A192C', 'B200A', 'C231A']",5,1.6451425185077824
-2.2861718283966184,-4.4505735248094425,-0.6485464529832825,6.088198900222778,"['B105A', 'C123A', 'A150B', 'A154C', 'A192D', 'B200A', 'B205A', 'C231D', 'D252A']",9,1.6376253754133359
-4.455187644693069,-4.2544639016268775,-2.6214526460971683,6.088198900222778,"['A10B', 'B25A', 'C30A', 'B59D', 'D111B', 'C123D', 'D124A', 'D125C', 'A192D', 'A202B', 'D215A', 'C218B']",12,1.6330112555297092
-4.243497007992119,-4.466003384790383,-2.6213014925597236,6.088198900222778,"['D16A', 'A100B', 'C123D', 'A162C', 'C207A', 'D210A', 'B255A']",7,1.622195515432395
-4.4844176726765,-4.0392998264869675,-2.435518598940689,6.088198900222778,"['D16A', 'D124A', 'A192C', 'C231A']",4,1.6037812275462784
-4.370929796714336,-4.491477926145308,-2.774208822636865,6.088198900222778,"['A13B', 'C30A', 'D94B', 'A96B', 'A100B', 'D118B', 'C123A', 'D142A', 'B200A', 'D229C']",10,1.5967209740774706
-3.9044384955777787,-4.494791574659757,-2.3110311700147577,6.088198900222778,"['C49A', 'A100B', 'A192C', 'D229A', 'B255A']",5,1.593407325563021
-4.500952287577093,-4.475778987980448,-2.888532375334762,6.088198900222778,"['B69A', 'A100B', 'D111B', 'D118B', 'C123D', 'B205A', 'D210C']",7,1.5872466126456857
-4.520500096958131,-3.2097424695966765,-1.6420436663320288,6.088198900222778,"['D16A', 'A100B', 'D111B', 'C123D', 'D124B', 'A162C', 'C231D', 'B255A']",8,1.5676988032646477
-3.881079833896365,-4.526342277764343,-2.3192232114379294,6.088198900222778,"['A100B', 'A150B', 'A192C', 'B200A', 'B255A']",5,1.5618566224584356
-2.7825555754825473,-4.528617199859582,-1.2229738751193509,6.088198900222778,"['D16A', 'A73B', 'A100B', 'C123A', 'D124A', 'D137A', 'C139B', 'D147C', 'A166B', 'D252A']",10,1.5595817003631964
-4.536456721776631,-4.1916437352774665,-2.639901556831319,6.088198900222778,"['A100B', 'A154C', 'A162C', 'B200A', 'D217B', 'C233D']",6,1.5517421784461476
-4.2677994258119725,-4.551213119295426,-2.73081364488462,6.088198900222778,"['C98B', 'B105A', 'B140A', 'D210C']",4,1.5369857809273526
-2.5618884819559753,-4.5593647280475125,-1.0330543097807094,6.088198900222778,"['D16A', 'C30A', 'A100B', 'C123A', 'D124A', 'A150B', 'A154C', 'A162C', 'B200A', 'C219B', 'C231D', 'B255A']",12,1.5288341721752658
-3.7514071371406317,-4.578359279665165,-2.241567516583018,6.088198900222778,"['D16A', 'C49A', 'A100B', 'D111B', 'C123D', 'D142A', 'A154C', 'A162C', 'B168A', 'B200A', 'B205A', 'C219B', 'C220D', 'D229C']",14,1.5098396205576137
-4.162572438362986,-4.592798430821858,-2.667171968962066,6.088198900222778,"['D16A', 'C30A', 'B110C', 'C112D', 'C123B', 'D124A', 'D142A', 'A202B', 'D229C']",9,1.49540046940092
-4.011613820621278,-4.594283194630407,-2.5176981150289066,6.088198900222778,"['D16A', 'C30A', 'A91B', 'D118A', 'C121B', 'D124A', 'A154C', 'B200A', 'D210C', 'C214B', 'C219B', 'C220D', 'A221C', 'B255A']",14,1.4939157055923715
-4.600314862502273,-3.9695116922957823,-2.481627654575277,6.088198900222778,"['C6D', 'D16A', 'A73B', 'A96B', 'A100B', 'B110A', 'D111B', 'D118B', 'D142A', 'B205A', 'D210C', 'D229C', 'B255A']",13,1.4878840377205051
-4.528014390729368,-4.615985623910092,-3.0558011144166812,6.088198900222778,"['D16A', 'C49B', 'A100B', 'C123A', 'D137C', 'A150B', 'A154C', 'A166B', 'A187B', 'C219B', 'C231D']",11,1.4722132763126865
-4.616826300509274,-4.448842862970196,-2.9774702632566914,6.088198900222778,"['D16A', 'A73D', 'A100B', 'C123A', 'B172A']",5,1.4713725997135043
-4.624642533250153,-2.689346468425356,-1.2257901014527306,6.088198900222778,"['D16A', 'A100B', 'C123A', 'C139D', 'D147B', 'B172A', 'A175B']",7,1.4635563669726253
-3.4234032420790754,-4.635539364418946,-1.9707437062752433,6.088198900222778,"['B24A', 'C30A', 'A100B', 'C164A', 'A192B', 'D210C']",6,1.4526595358038321
-4.635581265611108,-3.9670824290951714,-2.5144647944835015,6.088198900222778,"['C6D', 'A13B', 'A100B', 'D111B', 'D229A']",5,1.45261763461167
-3.2092359437956475,-4.6356868570437655,-1.7567239006166346,6.088198900222778,"['D16A', 'A71C', 'A73B', 'A100B', 'D111B', 'D118C', 'D142C', 'B200A', 'B255A']",9,1.4525120431790128
-4.647196823207196,-4.4208277486031875,-2.979825671587605,6.088198900222778,"['D16A', 'A100B', 'A154C', 'A162C']",4,1.4410020770155825
-4.653857908153441,-4.432699275552295,-2.9983582834829576,6.088198900222778,"['B19A', 'A100B', 'B110D', 'D111C', 'A180B', 'A192C', 'B200A', 'B255A']",8,1.4343409920693375
-3.706229822244495,-4.664977190434001,-2.283008112455718,6.088198900222778,"['D16A', 'B24A', 'C49A', 'A100B', 'C123A', 'C220D', 'A221C', 'D252A']",8,1.423221709788777
-3.6886658696457744,-4.680574310827069,-2.281041280250065,6.088198900222778,"['B110D', 'D111B', 'C123A', 'A150B', 'A154C', 'A162D', 'B200A']",7,1.4076245893957093
-4.681058644724544,-4.48321238567587,-3.0760721301776357,6.088198900222778,"['B24A', 'A71D', 'C139D', 'D147B', 'A150B', 'D210C', 'C214B']",7,1.4071402554982342
-3.3945059779216535,-4.6886103133438155,-1.9949173910426907,6.088198900222778,"['A10B', 'A100B', 'B110C', 'D111B', 'D118B', 'D124A', 'D125B', 'B149A', 'B200A']",9,1.3995885868789628
-4.7227666898979805,-3.2630233800737187,-1.897591169748921,6.088198900222778,"['A100B', 'D111B', 'C214B', 'D217B', 'B255A']",5,1.3654322103247978
-4.3926300392486155,-4.732927926699631,-3.037359065725468,6.088198900222778,"['D16A', 'B44D', 'C49A', 'A100B', 'C112D', 'C123A', 'A162C', 'B255A']",8,1.3552709735231474
-4.643507984932512,-4.771043619024567,-3.326352703734301,6.088198900222778,"['C30A', 'C49A', 'B59C', 'A73B', 'A91C', 'C98A', 'B105A', 'D111C', 'C123A', 'A166B', 'B205A', 'D229A', 'B255A']",13,1.317155281198211
-3.8294261912233196,-4.785616176552139,-2.5268434675526805,6.088198900222778,"['C9B', 'C30A', 'A100B', 'B105A', 'A150B']",5,1.302582723670639
-4.78808561200276,-3.5931749012088403,-2.293061612988822,6.088198900222778,"['D16A', 'C30A', 'A100B', 'C123A', 'D142C', 'C233D']",6,1.3001132882200181
-2.26134514430305,-4.788879854022525,-0.9620260981027968,6.088198900222778,"['A10B', 'C30A', 'B134C', 'A150B', 'A154C', 'A180B', 'C194D', 'B200A', 'C231D']",9,1.299319046200253
-4.80054688261589,-4.603274945053272,-3.315622927446384,6.088198900222778,"['B19A', 'A100B', 'A192C', 'B255A']",4,1.287652017606888
-4.835594629403204,-4.647713190759532,-3.3951089199399576,6.088198900222778,"['B44D', 'A88B', 'A100B', 'B110D', 'D111B', 'C123D', 'D124A', 'A202B', 'B205A', 'B255A']",10,1.2526042708195746
-2.864808588696178,-4.849809591076337,-1.6264192795497365,6.088198900222778,"['A100B', 'D118B', 'A192B', 'B205A', 'B253C']",5,1.2383893091464415
-4.082007454242557,-4.850831074058078,-2.844639628077857,6.088198900222778,"['D16A', 'A53B', 'D111B', 'C123D', 'B200A', 'B255A']",6,1.2373678261647
-4.082007454242557,-4.850831074058078,-2.844639628077857,6.088198900222778,"['D16A', 'A53B', 'D111B', 'C123D', 'B200A', 'B255A']",6,1.2373678261647
-3.319381659734063,-4.860515035572462,-2.0916977950837463,6.088198900222778,"['D16A', 'C30A', 'C112D', 'C123D', 'D124A', 'D125C', 'D142C', 'B205A', 'B255A']",9,1.2276838646503165
-4.865961869654711,-4.452291427063756,-3.2300543964956887,6.088198900222778,"['B19A', 'D38A', 'D65A', 'A100B', 'D118B', 'B200A', 'B204A', 'C231D']",8,1.222237030568067
-3.994884792191442,-4.867148715420626,-2.77383460738929,6.088198900222778,"['B19A', 'A71D', 'A100B', 'C112A', 'A192C', 'D229A']",6,1.2210501848021522
-3.994884792191442,-4.867148715420626,-2.77383460738929,6.088198900222778,"['B19A', 'A71D', 'A100B', 'C112A', 'A192C', 'D229A']",6,1.2210501848021522
-4.869168748555239,-4.527524928911589,-3.30849477724405,6.088198900222778,"['B19A', 'C49A', 'B87A', 'A100B', 'D111B', 'D135B', 'C139D', 'D147B', 'A175B']",9,1.219030151667539
-4.871301033068448,-3.9723315279698,-2.75543366081547,6.088198900222778,"['D16A', 'C30A', 'A100B', 'C123A', 'C233D']",5,1.21689786715433
-4.871301033068448,-3.9723315279698,-2.75543366081547,6.088198900222778,"['D16A', 'C30A', 'A100B', 'C123A', 'C233D']",5,1.21689786715433
-4.871301033068448,-3.9723315279698,-2.75543366081547,6.088198900222778,"['D16A', 'C30A', 'A100B', 'C123A', 'C233D']",5,1.21689786715433
-4.89440436050063,-4.191983308992349,-2.9981887692702003,6.088198900222778,"['D16A', 'A100B', 'B200A', 'C207A']",4,1.1937945397221483
-4.89440436050063,-4.191983308992349,-2.9981887692702003,6.088198900222778,"['D16A', 'A100B', 'B200A', 'C207A']",4,1.1937945397221483
-3.9050418952829204,-4.903011285117827,-2.7198542801779695,6.088198900222778,"['B24A', 'A71D', 'A150B', 'D210C', 'C214B']",5,1.185187615104951
-4.904762868711259,-4.488346739555709,-3.30491070804419,6.088198900222778,"['B200A', 'D229A', 'C233D']",3,1.183436031511519
-4.911270375770982,-4.721441884874366,-3.5445133604225703,6.088198900222778,"['D16A', 'A40B', 'A71D', 'A100B', 'D118A', 'C121B', 'D124A', 'B200A', 'D217A', 'C218B', 'C233D', 'B255A']",12,1.176928524451796
-4.921158342040144,-4.7022812742507085,-3.535240716068074,6.088198900222778,"['C30A', 'A71D', 'C123D', 'D125C', 'B134C', 'D147B']",6,1.1670405581826344
-4.66680630389601,-4.923076419509016,-3.5016838231822476,6.088198900222778,"['A2C', 'D16A', 'B20A', 'D23C', 'A71D', 'C76B', 'A100B', 'C112D', 'C123A', 'A150B', 'A154C', 'C231D']",12,1.1651224807137623
-4.752179619856179,-4.928396813920699,-3.5923775335540995,6.088198900222778,"['D16A', 'A100B', 'D118B', 'C123B', 'D124A', 'B205A']",6,1.1598020863020793
-4.036950368841644,-4.933302050339989,-2.8820535189588554,6.088198900222778,"['A13B', 'B19A', 'A31B', 'B44A', 'A100C', 'D135B', 'D137C', 'A150B', 'A154C', 'A162B', 'B200A', 'B205A', 'C219D']",13,1.154896849882789
-4.935765651462134,-4.345438324729912,-3.1930050759692676,6.088198900222778,"['D16A', 'A100B', 'C207A']",3,1.1524332487606443
-4.936867663578596,-4.743497084709816,-3.5921658480656333,6.088198900222778,"['A10B', 'A100B', 'C194D']",3,1.1513312366441824
-4.937744287715759,-4.567183002247475,-3.416728389740456,6.088198900222778,"['A10B', 'B19A', 'D142C', 'C194D', 'B200A']",5,1.1504546125070192
-4.948371426144149,-4.790404860279523,-3.6505773862008937,6.088198900222778,"['A100B', 'C233D']",2,1.1398274740786292
-4.961815562099218,-4.451188266160898,-3.324804928037338,6.088198900222778,"['A13B', 'A100B', 'C123A', 'B134C', 'A180B', 'B200A', 'A221C']",7,1.12638333812356
-2.209018769674003,-4.981762525509112,-1.1025823949603364,6.088198900222778,"['D38A', 'C49A', 'C112D', 'C123A', 'A154C', 'B200A', 'D228A', 'D252A', 'B253A']",9,1.1064363747136667
-4.995779648015741,-4.7642868518596515,-3.6718675996526144,6.088198900222778,"['C30A', 'D135C', 'B200A', 'D229A', 'B255A']",5,1.092419252207037
-5.0003587118699215,-4.697718161973171,-3.609877973620314,6.088198900222778,"['D16A', 'A100B', 'D111B', 'A154C', 'C164A', 'A170D', 'B205A', 'B255A']",8,1.0878401883528568
-2.0291478568688035,-5.002500282018445,-0.9434492386644706,6.088198900222778,"['B19A', 'C49A', 'A71D', 'A96B', 'A100B', 'D118B', 'C123A', 'A150B', 'A154C', 'A192C', 'D210C']",11,1.0856986182043329
-4.7162891975604,-5.004046618822031,-3.632136916159652,6.088198900222778,"['D16A', 'B110C', 'C123A', 'D252A', 'B255A']",5,1.0841522814007476
-5.0126561699435115,-3.5209144967375323,-2.4453717664582655,6.088198900222778,"['D111B', 'C123A', 'B200A']",3,1.0755427302792668
-5.0126561699435115,-3.5209144967375323,-2.4453717664582655,6.088198900222778,"['D111B', 'C123A', 'B200A']",3,1.0755427302792668
-3.1452462099841796,-5.013169249868952,-2.070216559630353,6.088198900222778,"['D23B', 'C30A', 'B44A', 'A100B', 'D118C', 'B134C', 'A180B', 'B205A', 'D210C']",9,1.0750296503538266
-5.013407235441264,-3.7468205959303305,-2.672028931148816,6.088198900222778,"['C6D', 'D16A', 'C30A', 'D38A', 'A100B', 'A162C', 'B172A', 'B200A', 'C231A']",9,1.0747916647815146
-5.015538509411272,-4.91356504324358,-3.840904652432073,6.088198900222778,"['D23C', 'A73C', 'A100B', 'D124A', 'D147C', 'B200A', 'D215A']",7,1.0726603908115067
-4.960990168096032,-5.0237946942215785,-3.896585962094832,6.088198900222778,"['C6D', 'C30A', 'A73B', 'A100B', 'D111B', 'D124B', 'D142C', 'C218A', 'A221C']",9,1.0644042060011998
-5.027033139427658,-4.4345114309107885,-3.3733456701156683,6.088198900222778,"['B22D', 'C30A', 'A100B', 'D118A', 'C121B', 'D124A', 'D147B', 'C214B', 'C220D', 'A221C']",10,1.0611657607951201
-3.3276065661921166,-5.028889566077851,-2.268297232047189,6.088198900222778,"['D16A', 'C30A', 'A100B', 'A150B', 'A154C', 'A195B', 'B200A', 'C231D', 'B255A']",9,1.0593093341449276
-5.042277372442186,-4.02419568260666,-2.9782741548260674,6.088198900222778,"['D16A', 'B19A', 'A27B', 'D38A', 'C123A', 'D124A', 'A154C', 'B200A', 'C207A']",9,1.0459215277805924
-3.9160439273691736,-5.046604941482656,-2.874449968629051,6.088198900222778,"['D16A', 'A27B', 'A71D', 'A127C', 'A150B', 'A154C', 'C207A', 'C233A']",8,1.0415939587401226
-5.052353483974002,-4.729072759742849,-3.6932273434940726,6.088198900222778,"['D16A', 'C30A', 'B79A', 'A96B', 'A100B', 'D118B', 'C123A', 'D124A', 'D142A', 'B205A', 'D229C', 'B255A']",12,1.035845416248776
-4.423398491926491,-5.059022590401582,-3.3942221821052954,6.088198900222778,"['A13B', 'B59C', 'A100B', 'D111C', 'C123A', 'D137C', 'B200A']",7,1.029176309821196
-4.423398491926491,-5.059022590401582,-3.3942221821052954,6.088198900222778,"['A13B', 'B59C', 'A100B', 'D111C', 'C123A', 'D137C', 'B200A']",7,1.029176309821196
-5.070522011723369,-4.758021017885767,-3.740344129386358,6.088198900222778,"['D16A', 'B89C', 'A100B', 'B110C', 'C123D', 'D124B', 'C164A', 'B200A', 'D229A', 'B255A']",10,1.017676888499409
-5.0710200885660015,-3.449944612919353,-2.432765801262576,6.088198900222778,"['A92B', 'A100B', 'A154C', 'A166B', 'D229A', 'C231D']",6,1.0171788116567768
-4.134088309889194,-5.085902575287037,-3.131791984953452,6.088198900222778,"['C30A', 'A100B', 'A154C', 'A180B', 'B200A', 'C231D', 'B253D']",7,1.0022963249357417
-5.055741599702742,-5.0904527510283515,-4.057995450508315,6.088198900222778,"['D16A', 'B44C', 'A71D', 'B89C', 'A100B', 'A154C', 'B255A']",7,0.9977461491944268
-3.7034643221995793,-5.09222900995519,-2.707494431931991,6.088198900222778,"['B5A', 'A13B', 'D16A', 'D23A', 'B24A', 'A27B', 'D38A', 'B44A', 'C49A', 'A73C']",10,0.9959698902675882
-4.6023665382526815,-5.094171256176196,-3.608338894206099,6.088198900222778,"['A100B', 'A102B', 'D118A', 'C121B', 'C123D', 'A192C']",6,0.9940276440465823
-3.079100147180725,-5.095636634971015,-2.0865378819289617,6.088198900222778,"['A10B', 'B24A', 'C30A', 'B110C', 'D118B', 'D125C', 'B200A', 'D229A']",8,0.9925622652517632
-5.102405907586217,-4.378719016793184,-3.3929260241566226,6.088198900222778,"['A13B', 'D16A', 'B59C', 'A100B', 'D111C', 'C123A', 'B134C', 'D137C', 'C139D', 'D147B', 'B200A']",11,0.9857929926365614
-5.10354441817617,-4.711492310627364,-3.7268378285807557,6.088198900222778,"['C30A', 'B110C', 'D118A', 'C121B', 'D124A', 'C139D', 'D147B', 'B200A', 'D210C', 'A241B', 'B255A']",11,0.9846544820466079
-5.129454681125935,-4.46102068235632,-3.502276463259477,6.088198900222778,"['D16A', 'B200A', 'C207A']",3,0.9587442190968432
-5.1342947608209215,-4.6697753662010655,-3.7158712267992087,6.088198900222778,"['C9B', 'B19A', 'C49A', 'A71D', 'A100B', 'D118A', 'C121B', 'D124A', 'C139D', 'D147B', 'A180B', 'D210C', 'C220D', 'A221C']",14,0.9539041394018568
-5.135502302495297,-4.688599769375287,-3.7359031716478057,6.088198900222778,"['D16A', 'A71D', 'A100B', 'B200A', 'C207A']",5,0.9526965977274813
-4.614670743234456,-5.136879328987561,-3.6633511719992384,6.088198900222778,"['B22D', 'C123A', 'A154C']",3,0.9513195712352172
-4.835128398612142,-5.143446745234542,-3.890376243623905,6.088198900222778,"['D16A', 'A27B', 'D38A', 'B44A', 'C123A', 'C155A', 'B200A']",7,0.9447521549882367
-3.6308249937719665,-5.149910384207033,-2.692536477756221,6.088198900222778,"['A13B', 'B19A', 'A71D', 'A100B', 'C112A', 'A192C', 'D229A']",7,0.9382885160157457
-5.154067338851746,-4.89866825833451,-3.964536696963478,6.088198900222778,"['B200A', 'D229A']",2,0.9341315613710321
-5.154067338851746,-4.89866825833451,-3.964536696963478,6.088198900222778,"['B200A', 'D229A']",2,0.9341315613710321
-5.158595492132008,-4.234258592943661,-3.3046551848528907,6.088198900222778,"['D16A', 'C49A', 'C123A', 'A162C', 'B200A']",5,0.9296034080907702
-4.246729761769529,-5.1610118033131585,-3.3195426648599096,6.088198900222778,"['B5C', 'C30A', 'D38B', 'A71D', 'D118A', 'C121B', 'D124A', 'A175B', 'A202B', 'C214B', 'C220D', 'A221C']",12,0.9271870969096199
-5.165370958973654,-5.15272923221346,-4.229901290964335,6.088198900222778,"['A10B', 'B19A', 'A100B', 'D118C', 'C123A', 'D135C', 'A192C']",7,0.9228279412491247
-3.9352499418891966,-5.171039374428801,-3.0180904160952196,6.088198900222778,"['C30A', 'A100B', 'D118A', 'C121B', 'C123D', 'A180B', 'B200A']",7,0.9171595257939771
-4.487943322805222,-5.1710732717765495,-3.5708176943589933,6.088198900222778,"['B24A', 'B200A', 'D229A']",3,0.9171256284462288
-4.487943322805222,-5.1710732717765495,-3.5708176943589933,6.088198900222778,"['B24A', 'B200A', 'D229A']",3,0.9171256284462288
-4.487943322805222,-5.1710732717765495,-3.5708176943589933,6.088198900222778,"['B24A', 'B200A', 'D229A']",3,0.9171256284462288
-5.175799121148884,-4.658318564179353,-3.7459187851054594,6.088198900222778,"['B19A', 'B69A', 'A96B', 'A100B', 'D111C', 'D118B', 'C123B', 'D124A', 'C139D', 'D147B', 'B200A', 'C231D']",12,0.912399779073894
-5.068895164411515,-5.180810284218751,-4.161506548407488,6.088198900222778,"['C9B', 'A40C', 'A100B', 'C121B', 'C123A', 'D124A', 'B200A', 'C207A']",8,0.9073886160040274
-5.094033334811684,-5.190967419999652,-4.196801854588557,6.088198900222778,"['C9B', 'A100B', 'D118C', 'C121B', 'D124A', 'C164A', 'B200A', 'C207A', 'C214B', 'B255A']",10,0.8972314802231267
-5.193212078418583,-5.088648192468099,-4.193661370663904,6.088198900222778,"['A10B', 'B19A', 'B69A', 'A100B', 'D118B', 'C123D', 'C139D', 'D147B', 'A192C', 'C194D', 'B205A']",11,0.8949868218041956
-5.193212078418583,-5.088648192468099,-4.193661370663904,6.088198900222778,"['A10B', 'B19A', 'B69A', 'A100B', 'D118B', 'C123D', 'C139D', 'D147B', 'A192C', 'C194D', 'B205A']",11,0.8949868218041956
-5.193212078418583,-5.088648192468099,-4.193661370663904,6.088198900222778,"['A10B', 'B19A', 'B69A', 'A100B', 'D118B', 'C123D', 'C139D', 'D147B', 'A192C', 'C194D', 'B205A']",11,0.8949868218041956
-5.19542862981325,-5.052123274072073,-4.159353003662545,6.088198900222778,['D229A'],1,0.8927702704095282
-5.19542862981325,-5.052123274072073,-4.159353003662545,6.088198900222778,['D229A'],1,0.8927702704095282
-5.195544723421335,-4.685483549605124,-3.7928293728036806,6.088198900222778,"['D16A', 'A100B', 'C123D', 'D124B', 'B134C', 'A162C', 'C207A']",7,0.8926541768014431
-5.19671079138061,-5.075853822636418,-4.18436571379425,6.088198900222778,"['A10B', 'A13B', 'D23C', 'A73C', 'A100B', 'D124A', 'A162C', 'B200A', 'C233A']",9,0.891488108842168
-5.197675896284636,-5.200726379058324,-4.310203375120182,6.088198900222778,['A100B'],1,0.8874725211644545
-2.9584782728925347,-5.212304930086248,-2.082584302756004,6.088198900222778,"['C30A', 'C123D', 'D124A', 'C231A', 'C233D', 'D252A', 'B255A']",7,0.8758939701365307
-5.215875141322613,-4.742856975528412,-3.870533216628246,6.088198900222778,"['C30A', 'A100B', 'D111B', 'C123A', 'D124B', 'B134C', 'A162D', 'A178C', 'A180B', 'B200A', 'C233D']",11,0.8723237589001656
-5.217207910493016,-4.7335370312212035,-3.8625460414914414,6.088198900222778,"['B19A', 'D38A', 'B83C', 'A100B', 'D118B', 'C123A', 'B200A', 'B205A', 'C211B', 'C214B']",10,0.8709909897297621
-4.175134447927121,-5.226840915507637,-3.3137764632119797,6.088198900222778,"['B5C', 'B33A', 'A73C', 'A91D', 'C123A', 'A154C', 'A170C', 'B200A', 'D210C', 'D229A']",10,0.8613579847151414
-5.243957347644027,-5.2253391075646505,-4.3810975549858995,6.088198900222778,"['A96B', 'A100B', 'D142C']",3,0.844241552578751
-5.243957347644027,-5.2253391075646505,-4.3810975549858995,6.088198900222778,"['A96B', 'A100B', 'D142C']",3,0.844241552578751
-5.243957347644027,-5.2253391075646505,-4.3810975549858995,6.088198900222778,"['A96B', 'A100B', 'D142C']",3,0.844241552578751
-5.243957347644027,-5.2253391075646505,-4.3810975549858995,6.088198900222778,"['A96B', 'A100B', 'D142C']",3,0.844241552578751
-4.3074569357559085,-5.245651678997092,-3.464909714530222,6.088198900222778,"['B5C', 'D16A', 'A100B', 'C123D', 'A154C', 'A162C', 'B200A']",7,0.8425472212256864
-5.25046397279948,-2.9367747287033126,-2.099039801280014,6.088198900222778,"['A100B', 'C123A', 'B200A', 'D210C', 'C214B']",5,0.8377349274232984
-4.0885465745814145,-5.252515960833989,-3.2528636351926252,6.088198900222778,"['C9B', 'A10B', 'C123A', 'A192B', 'C194B', 'B205A', 'C207A', 'C211B', 'B253C']",9,0.8356829393887892
-5.134296676144004,-5.2540630855364725,-4.300160861457698,6.088198900222778,"['C49A', 'A71D', 'A100B', 'D111C', 'C123A', 'B134C', 'D137A', 'D147C', 'A166B', 'B200A']",10,0.8341358146863058
-5.254943516978528,-5.0034954933216795,-4.17024011007743,6.088198900222778,"['A71D', 'A73C', 'A100B', 'D124A', 'C139D', 'D147B', 'A170D', 'A180B', 'B200A', 'B255A']",10,0.83325538324425
-5.257208137772977,-3.9730931761441752,-3.1421024136943743,6.088198900222778,"['D16A', 'C30A', 'B44D', 'A100B', 'C112D', 'C123A', 'D124A', 'C139D', 'D147B', 'A162C', 'A180B', 'B200A']",12,0.830990762449801
-5.262436960299965,-3.7308779236627743,-2.905115983739961,6.088198900222778,"['A10B', 'C30A', 'B89C', 'D111B', 'C121B', 'A195B', 'B200A', 'C214B', 'D229A']",9,0.8257619399228133
-4.181461381725967,-5.273921871907078,-3.3671843534102663,6.088198900222778,"['D16A', 'A100B', 'C112D', 'C123A', 'D124A', 'A154B']",6,0.8142770283157006
-5.274896348535549,-4.232345379306935,-3.4190428276197053,6.088198900222778,"['D16A', 'A27B', 'A40B', 'B44D', 'C49B', 'D111B', 'A127C', 'C219B', 'C220B', 'A221D']",10,0.8133025516872294
-2.599772197601851,-5.283905854797922,-1.7954791521769948,6.088198900222778,"['A100B', 'D111B', 'A150B', 'A154C', 'C219B']",5,0.8042930454248562
-5.0910058542503975,-5.300111183314584,-4.302918137342203,6.088198900222778,"['B19A', 'C30A', 'C49B', 'A100B', 'D135B', 'C139D', 'D147B', 'C207A', 'B255A']",9,0.7880877169081941
-4.082130706345197,-5.300726015469991,-3.294657821592409,6.088198900222778,"['A10B', 'D118C', 'C121B', 'A154C', 'C194D', 'B200A', 'D229A']",7,0.7874728847527876
-5.302029231097549,-4.386979649192654,-3.6008099800674245,6.088198900222778,"['A71D', 'D118A', 'C121B', 'C123A', 'C214B']",5,0.7861696691252291
-4.365386453457177,-5.323606725200079,-3.6007942784344777,6.088198900222778,"['D16A', 'C49A', 'C123A', 'D124A', 'C214B', 'C219B']",6,0.7645921750226989
-4.647384461015463,-5.329419129877351,-3.888604690670036,6.088198900222778,"['D16A', 'B20A', 'C30A', 'A100B', 'A102B', 'C123A', 'B134C', 'A150B', 'A154C', 'B200A', 'D217A', 'C218B', 'C233A', 'B255A']",14,0.7587797703454271
-5.335976984293666,-4.377683384693228,-3.625461468764115,6.088198900222778,"['A10B', 'D23C', 'C30A', 'D94C', 'A100B', 'D111A', 'A154C', 'A166B']",8,0.7522219159291126
-4.227436936402228,-5.339212875231169,-3.4784509114106186,6.088198900222778,"['C30A', 'A100B', 'A150B', 'A154C', 'A162C', 'A187B', 'A202B', 'C233D']",8,0.7489860249916092
-4.74601475475356,-5.345843744347803,-4.003659598878585,6.088198900222778,"['D16A', 'D38A', 'A100B', 'C123D', 'A202B', 'B205A', 'D252A', 'B255A']",8,0.742355155874975
-4.297511569631752,-5.349630543845706,-3.558943213254679,6.088198900222778,"['A100B', 'D118B', 'B134C', 'A180B', 'B200A']",5,0.7385683563770726
-5.351205813698471,-3.502920718747191,-2.7659276322228834,6.088198900222778,"['D16A', 'A71D', 'A96B', 'A100B', 'C123A', 'D124A', 'A154C', 'A166B', 'B200A', 'C231D']",10,0.7369930865243077
-5.359275304770563,-4.973576717427932,-4.244653121975716,6.088198900222778,"['C9B', 'A100B', 'D118C', 'D135C', 'C139D', 'D147B', 'C231D']",7,0.7289235954522155
-5.360954011790454,-4.701553319464438,-3.9743084310321137,6.088198900222778,"['D16A', 'C30A', 'A100B', 'C123B', 'D124A', 'A197B', 'B200A', 'B205A', 'C231A']",9,0.7272448884323239
-5.301554915495217,-5.367971063009463,-4.581327078281902,6.088198900222778,"['D16A', 'A71D', 'A91C', 'D111B', 'C123A', 'D124B', 'A154C', 'B205A']",8,0.7202278372133151
-5.370552623120602,-4.957637142739259,-4.239990865637083,6.088198900222778,"['D16A', 'A71D', 'B200A', 'C207A']",4,0.7176462771021761
-5.379439509415533,-4.589333608164452,-3.880574217357207,6.088198900222778,"['B22D', 'B83C', 'D118A', 'C121B', 'D124A', 'C139D', 'D147B', 'B200A', 'C214B', 'C220D', 'A221C', 'B255A']",12,0.7087593908072449
-5.380877305287868,-5.292181436787359,-4.584859841852449,6.088198900222778,"['A13B', 'C30A', 'D94B', 'A96B', 'A100B', 'D118B', 'C123A', 'D142A', 'A153B', 'B200A', 'D229C']",11,0.7073215949349105
-5.391364925948437,-5.316308736684732,-4.619474762410391,6.088198900222778,['B200A'],1,0.696833974274341
-5.392949444241822,-4.035824993508868,-3.3405755375279114,6.088198900222778,"['A13B', 'D38A', 'A100B', 'C123A', 'C139D', 'D147B', 'B200A', 'D252A']",8,0.6952494559809566
-4.403050628490746,-5.402262996765785,-3.7171147250337526,6.088198900222778,"['D16A', 'A73C', 'A96B', 'D111A', 'D118B', 'C123A', 'D124A', 'A127B', 'D142C', 'B200A']",10,0.6859359034569934
-4.749772047041915,-5.40573078521993,-4.067303932039067,6.088198900222778,"['D16A', 'A29D', 'C49A', 'A71D', 'C123A', 'D124A', 'D142C', 'B205A', 'D252A', 'D254A']",10,0.6824681150028482
-3.1943068606196903,-5.4069975562160835,-2.5131055166129954,6.088198900222778,"['C9B', 'A71D', 'B83A', 'A100B', 'A150B', 'D217B', 'C233D']",7,0.6812013440066949
-5.407560288324021,-4.057117439690046,-3.3764788277912885,6.088198900222778,"['B24A', 'A29D', 'D38A', 'C123D', 'D124A', 'D137B', 'C139D', 'D147B', 'B200A', 'B205A', 'C219B', 'B250C']",12,0.6806386118987575
-4.780220537853893,-5.407652700669132,-4.099674338300247,6.088198900222778,"['B19A', 'D38A', 'A154C', 'A202B', 'B205A', 'C231A']",6,0.6805461995536461
-5.411376804520842,-5.287789941183291,-4.610967845481355,6.088198900222778,"['A10B', 'C49A', 'C139D', 'D147B', 'A192C', 'B200A', 'B255A']",7,0.6768220957019366
-4.566124880162533,-5.415260888985358,-3.8931868689251132,6.088198900222778,"['A100B', 'A126B', 'A154C', 'A192C', 'B205A']",5,0.6729380112374201
-4.981765906326473,-5.416015662136488,-4.309582668240182,6.088198900222778,"['C6D', 'D16A', 'A100B', 'C123B', 'D124A', 'C155A', 'A192C', 'D217B', 'C233D', 'B255A']",10,0.6721832380862907
-5.052018462738488,-5.419111825875007,-4.382931388390716,6.088198900222778,"['C9B', 'A27B', 'A100B', 'D135C', 'A154C']",5,0.6690870743477717
-5.419758235628251,-4.280868758796714,-3.612428094202187,6.088198900222778,"['D16A', 'B33A', 'C49B', 'A91C', 'C123A', 'D124A', 'B200A', 'B204A', 'B205A', 'C207A', 'D210C', 'C211B']",12,0.6684406645945273
-5.419758235628251,-4.280868758796714,-3.612428094202187,6.088198900222778,"['D16A', 'B33A', 'C49B', 'A91C', 'C123A', 'D124A', 'B200A', 'B204A', 'B205A', 'C207A', 'D210C', 'C211B']",12,0.6684406645945273
-5.430609291361179,-4.3419540071627125,-3.6843643983011134,6.088198900222778,"['A10B', 'A31B', 'D38A', 'A73C', 'B200A', 'A202B', 'C207A', 'C214B']",8,0.6575896088615991
-5.443978311901446,-5.437120582326315,-4.7928999940049835,6.088198900222778,"['A10B', 'A100B', 'C121B', 'C231A']",4,0.6442205883213319
-5.443978311901446,-5.437120582326315,-4.7928999940049835,6.088198900222778,"['A10B', 'A100B', 'C121B', 'C231A']",4,0.6442205883213319
-5.45277153456118,-4.111280474229716,-3.475853108568117,6.088198900222778,"['B110D', 'C123A', 'D124A', 'D125A', 'D137A', 'D147C', 'D210C', 'D229A']",8,0.6354273656615987
-4.422240694460925,-5.454418814158998,-3.788460608397145,6.088198900222778,"['B22D', 'A73B', 'A100B', 'C139D', 'D147B']",5,0.6337800860637799
-4.422240694460925,-5.454418814158998,-3.788460608397145,6.088198900222778,"['B22D', 'A73B', 'A100B', 'C139D', 'D147B']",5,0.6337800860637799
-5.45721028506523,-5.33113126072567,-4.700142645568121,6.088198900222778,"['A71D', 'D111B', 'D124B', 'D137C', 'A154C', 'A166B', 'C194B']",7,0.6309886151575483
-5.458378887735307,-5.372878465685062,-4.743058453197591,6.088198900222778,"['C30A', 'C123D', 'D124A', 'D137C', 'A166B', 'B200A']",6,0.6298200124874711
-3.3540318076848052,-5.464811679790728,-2.7306445872527547,6.088198900222778,"['A100B', 'B110C', 'B134C', 'B172A', 'A175B', 'B204C', 'D210C', 'D217C', 'D229A', 'B255A']",10,0.6233872204320505
-5.467252511996776,-4.9265600013313815,-4.305613613105379,6.088198900222778,"['D16A', 'C30A', 'A100B', 'B110C', 'C123A', 'C164A', 'A180B', 'B255A']",8,0.6209463882260025
-5.467252511996776,-4.9265600013313815,-4.305613613105379,6.088198900222778,"['D16A', 'C30A', 'A100B', 'B110C', 'C123A', 'C164A', 'A180B', 'B255A']",8,0.6209463882260025
-5.432726216909941,-5.4697637524222955,-4.8142910691094585,6.088198900222778,[],0,0.6184351478004828
-5.475392095162533,-4.055444351281039,-3.4426375462207943,6.088198900222778,"['A13B', 'A27B', 'A29B', 'C49A', 'D111C', 'C123A', 'A154C', 'A166B', 'B200A', 'B205A', 'D210C', 'B239C']",12,0.6128068050602451
-5.476353790261783,-4.102525665308349,-3.490680555347353,6.088198900222778,"['C58B', 'A100B', 'C123B', 'D124A', 'D135C', 'B200A', 'A202B']",7,0.6118451099609956
-4.4983985354192555,-5.476412217481993,-3.8866118526784703,6.088198900222778,"['D16A', 'C49A', 'B62D', 'C123A', 'D124A', 'C214B', 'C219B']",7,0.6117866827407852
-4.492551234958228,-5.486605503014289,-3.8909578377497382,6.088198900222778,"['A100B', 'D118B']",2,0.6015933972084895
-4.492551234958228,-5.486605503014289,-3.8909578377497382,6.088198900222778,"['A100B', 'D118B']",2,0.6015933972084895
-5.488838258665055,-5.061788156512193,-4.46242751495447,6.088198900222778,"['D16A', 'C30A', 'A100B', 'B110C', 'C123A', 'C164A', 'B255A']",7,0.5993606415577233
-5.488838258665055,-5.061788156512193,-4.46242751495447,6.088198900222778,"['D16A', 'C30A', 'A100B', 'B110C', 'C123A', 'C164A', 'B255A']",7,0.5993606415577233
-5.476463966013398,-5.490582165191881,-4.878847230982501,6.088198900222778,"['D118A', 'C121B', 'D124A', 'A153B', 'A202B', 'C233D', 'B255A']",7,0.597616735030897
-4.448441318643745,-5.5005033275811,-3.860745746002067,6.088198900222778,"['A10B', 'B24A', 'C30A', 'B44D', 'A100B', 'A192C', 'B255A']",7,0.5876955726416782
-5.092052949068602,-5.503138950909488,-4.506992999755312,6.088198900222778,"['A10B', 'B22D', 'A27B', 'D38A', 'C49A', 'B87A', 'A100B', 'D118B', 'C139D', 'D147B', 'B200A', 'C214B', 'C233D', 'D252A']",14,0.5850599493132904
-4.540634226461407,-5.504379701684229,-3.9568150279228576,6.088198900222778,"['A13B', 'C30A', 'A154C', 'C214B', 'D229A', 'B230A', 'D252A', 'B253C', 'D254B', 'B255A', 'C257A', 'C258B', 'B259A']",13,0.5838191985385492
-5.50842059077695,-5.275690875365399,-4.695912565919571,6.088198900222778,"['C30A', 'A100B', 'D111B', 'C123A', 'D124B', 'B134C', 'A162D', 'A178C', 'A180B', 'B200A', 'B205A', 'C233D', 'B255A']",13,0.5797783094458282
-4.417195328976959,-5.508447091910057,-3.8374435206642374,6.088198900222778,"['A10B', 'B19A', 'B69A', 'A100B', 'D118B', 'C123D', 'A192C', 'C194D', 'B205A']",9,0.5797518083127216
-4.417195328976959,-5.508447091910057,-3.8374435206642374,6.088198900222778,"['A10B', 'B19A', 'B69A', 'A100B', 'D118B', 'C123D', 'A192C', 'C194D', 'B205A']",9,0.5797518083127216
-4.417195328976959,-5.508447091910057,-3.8374435206642374,6.088198900222778,"['A10B', 'B19A', 'B69A', 'A100B', 'D118B', 'C123D', 'A192C', 'C194D', 'B205A']",9,0.5797518083127216
-3.812877236865461,-5.510365720256232,-3.2350440568989143,6.088198900222778,"['C9B', 'C49A', 'A100B', 'D111B', 'D118C', 'C123A', 'D124A', 'B205A']",8,0.5778331799665466
-2.999660578498151,-5.51902375172358,-2.430485429998953,6.088198900222778,"['A10B', 'C49A', 'A100B', 'D118A', 'C121B', 'A154C', 'C231A', 'B255A']",8,0.5691751484991983
-5.53793137287721,-5.029989108326845,-4.479721580981277,6.088198900222778,"['D16A', 'B110C', 'C123A', 'B255A']",4,0.5502675273455679
-5.546781569661107,-4.921916855382733,-4.380499524821062,6.088198900222778,"['D124A', 'B134C', 'A153C', 'A161B', 'B200A', 'C214B', 'C233D']",7,0.5414173305616714
-3.9575947033590637,-5.550111779361032,-3.4195075824973173,6.088198900222778,"['B5C', 'C9B', 'D16A', 'C30A', 'A100B', 'A154C', 'D229A']",7,0.5380871208617464
-5.552231965935789,-4.581140958121978,-4.0451740238349885,6.088198900222778,"['D16A', 'B20A', 'B22D', 'C30A', 'B44D', 'A100B', 'C123A', 'D124A', 'D125B', 'C139D', 'D147B', 'A175B', 'D217C']",13,0.5359669342869893
-3.227843672968447,-5.554342236719094,-2.693987009464763,6.088198900222778,"['D16A', 'C30A', 'B83A', 'A100B', 'D111A', 'C123A', 'A154C', 'C214B', 'C219B']",9,0.5338566635036841
-4.5557136660791,-5.557392401969992,-4.0249071678263135,6.088198900222778,['A154C'],1,0.5308064982527867
-5.5588265541009605,-3.926516236155294,-3.397143890033476,6.088198900222778,"['D16A', 'C30A', 'A100B', 'D111B', 'C123D', 'C139D', 'D147B', 'A162C', 'B200A', 'D210B', 'C219D', 'B255A']",12,0.5293723461218178
-4.049614678137004,-5.559611570904963,-3.5210273488191888,6.088198900222778,"['D16A', 'C30A', 'A100B', 'B110C', 'C123D', 'C207A']",6,0.5285873293178156
-5.083583322295453,-5.560253409086727,-4.555637831159402,6.088198900222778,"['A10B', 'A13B', 'A31B', 'B200A', 'C207A', 'C211B', 'C231A', 'C233B']",8,0.5279454911360517
-5.083583322295453,-5.560253409086727,-4.555637831159402,6.088198900222778,"['A10B', 'A13B', 'A31B', 'B200A', 'C207A', 'C211B', 'C231A', 'C233B']",8,0.5279454911360517
-4.4890169044956565,-5.565752429771237,-3.9665704340441152,6.088198900222778,"['C30A', 'A53B', 'C112D', 'C123A', 'D124A', 'C139D', 'D147B', 'B200A', 'C214B']",9,0.5224464704515412
-4.4890169044956565,-5.565752429771237,-3.9665704340441152,6.088198900222778,"['C30A', 'A53B', 'C112D', 'C123A', 'D124A', 'C139D', 'D147B', 'B200A', 'C214B']",9,0.5224464704515412
-5.56765693007037,-5.371786233852617,-4.85124426370021,6.088198900222778,"['D16A', 'D38A', 'A100B', 'C123D', 'A202B', 'B205A', 'B255A']",7,0.5205419701524079
-4.582607088086661,-5.572038047364913,-4.066446235228796,6.088198900222778,"['B22D', 'D23B', 'D38A', 'A100B', 'A154C', 'B205A', 'D210C']",7,0.5161608528578654
-4.366778907773551,-5.582838205969892,-3.8614182135206647,6.088198900222778,"['C9B', 'A100B', 'A154C']",3,0.5053606942528859
-5.341059150581714,-5.583388351253234,-4.836248601612169,6.088198900222778,"['C30A', 'B44C', 'A100B', 'B205A', 'B253C']",5,0.5048105489695445
-5.555765968223568,-5.590189596987329,-5.057756664988119,6.088198900222778,"['D38A', 'B44C', 'A100B', 'A154C']",4,0.4980093032354489
-5.555765968223568,-5.590189596987329,-5.057756664988119,6.088198900222778,"['D38A', 'B44C', 'A100B', 'A154C']",4,0.4980093032354489
-3.9210834786645137,-5.5907943699276075,-3.423678948369343,6.088198900222778,"['A10B', 'D23C', 'C30A', 'A100B', 'D118C', 'C121B', 'D135B', 'B149A', 'A150B', 'A154C', 'D210C']",11,0.49740453029517084
-5.058405843563378,-5.597343165776692,-4.567550109117292,6.088198900222778,"['C30A', 'D118C', 'C123B']",3,0.490855734446086
-5.599622308276594,-5.361108906450681,-4.872532314504497,6.088198900222778,"['D16A', 'D38A', 'A100B', 'C123D', 'B200A', 'C233A', 'B242A']",7,0.48857659194618464
-5.168046351056546,-5.605014544329606,-4.684861995163374,6.088198900222778,"['A13B', 'A31B', 'A100B', 'C123D', 'B200A', 'A221B', 'D229A', 'B255A']",8,0.4831843558931723
-5.437480488268193,-5.610791914048605,-4.960073502094019,6.088198900222778,"['C9B', 'B200A']",2,0.47740698617417365
-4.05324791878229,-5.610860434710048,-3.57590945326956,6.088198900222778,"['B20C', 'C49A', 'A175B']",3,0.4773384655127302
-5.612220922892448,-5.33073483069893,-4.854756853368599,6.088198900222778,"['D23B', 'B44D', 'A100B', 'D124A', 'C139D', 'D147B']",6,0.47597797733033076
-4.69230021070689,-5.615563843282871,-4.219665153766982,6.088198900222778,"['D111B', 'C123D', 'A153C', 'A154C', 'B200A']",5,0.47263505693990737
-5.615887738764286,-5.212685838690959,-4.740374677232467,6.088198900222778,"['D23B', 'A27B', 'A100B', 'C123A', 'A180B']",5,0.4723111614584923
-4.136360764852725,-5.616356950602494,-3.664518815232441,6.088198900222778,"['B5C', 'D16A', 'B79A', 'A100B', 'C123D', 'D124B', 'A150B', 'A154C', 'A192C', 'C211B']",10,0.47184194962028414
-4.8173684947541915,-5.618800172465853,-4.347969766997267,6.088198900222778,"['A71D', 'D147C', 'A180B', 'B200A']",4,0.4693987277569249
-5.347671541385353,-5.630403900402598,-4.889876541565172,6.088198900222778,"['C30A', 'C76B', 'B81A', 'A100B', 'C123D', 'A162C', 'B200A']",7,0.45779499982018024
-5.634073200111743,-5.352263227920048,-4.898137527809013,6.088198900222778,"['A10B', 'C30A', 'B89C', 'D111C', 'C121B', 'A195B', 'B200A', 'C214B', 'D229A']",9,0.45412570011103526
-4.597350414376706,-5.636248434777372,-4.145399948931299,6.088198900222778,"['C30A', 'C58A', 'A73C', 'A100B', 'D111C', 'C112B', 'C123A', 'D124A', 'C139D', 'D147B', 'A202B', 'C233A', 'D252A', 'B255A']",14,0.45195046544540673
-5.641831089742482,-4.8588235940551385,-4.412455783574842,6.088198900222778,['C123A'],1,0.4463678104802966
-5.092195655219257,-5.6451136524556205,-4.649110407452099,6.088198900222778,"['D16A', 'A95B', 'A100B', 'C123A', 'C164A', 'A192B', 'B200A', 'D254A']",8,0.44308524776715785
-5.211358141619712,-5.6459379576845095,-4.769097199081443,6.088198900222778,"['C6A', 'A10B', 'C30A', 'C49B', 'A71D', 'A100B', 'C123A', 'B134C', 'C139D', 'D147B', 'B199A', 'B200A', 'C219B']",13,0.44226094253826886
-2.869308498222381,-5.653963833930902,-2.4350734319305047,6.088198900222778,"['D16A', 'C30A', 'A100B', 'D111C', 'C123D', 'B134C', 'A192B', 'B255A']",8,0.43423506629187614
-4.3227319834404625,-5.65704892470967,-3.8915820079273544,6.088198900222778,"['A13B', 'D16A', 'B33A', 'C49D', 'A71D', 'C123A', 'D147C', 'B200A']",8,0.4311499755131081
-3.9118005055352114,-5.658485226682387,-3.4820868319948204,6.088198900222778,"['B5A', 'C6B', 'C30A', 'A73C', 'D111B', 'D124A', 'A180B', 'B205A', 'C233D']",9,0.42971367354039103
-5.666305405495223,-4.833254894590937,-4.411361399863381,6.088198900222778,"['A100B', 'D111B', 'D210B']",3,0.42189349472755566
-5.666868227068335,-2.8436693659750745,-2.422338692820631,6.088198900222778,"['A13B', 'C30A', 'B105A', 'D111B', 'C123A', 'D124A', 'A133C', 'D135B', 'A166B', 'B200A', 'C233D']",11,0.4213306731544435
-5.66903551237192,-4.484643004718237,-4.065479616867378,6.088198900222778,"['B24A', 'A29D', 'D38A', 'C123D', 'D124A', 'C139D', 'D147B', 'B200A', 'B205A', 'C219B', 'B250C']",11,0.41916338785085827
-5.66903551237192,-4.484643004718237,-4.065479616867378,6.088198900222778,"['B24A', 'A29D', 'D38A', 'C123D', 'D124A', 'C139D', 'D147B', 'B200A', 'B205A', 'C219B', 'B250C']",11,0.41916338785085827
-4.197311778960284,-5.674240611377172,-3.7833534901146777,6.088198900222778,"['D38A', 'C98B', 'B200A']",3,0.41395828884560615
-5.676802452187985,-5.340930158621632,-4.929533710586838,6.088198900222778,"['A13B', 'B19A', 'D23C', 'B24A', 'C30A', 'C58A', 'B59D', 'A91C', 'A100B', 'C123A', 'D124A', 'C214A', 'A221C']",13,0.41139644803479314
-5.685543862637132,-5.139241989585571,-4.736586951999925,6.088198900222778,"['B22D', 'B62C', 'A100B', 'C123A', 'B255A']",5,0.4026550375856459
-4.491187965439167,-5.707356773200445,-4.110345838416833,6.088198900222778,"['B110C', 'D118A', 'C121B', 'D124A', 'B200A']",5,0.38084212702233344
-5.711436933779623,-4.416228909394704,-4.039466942951549,6.088198900222778,"['A10B', 'D23C', 'B24A', 'C30A', 'B44D', 'A96B', 'D118C', 'A127C', 'D142C', 'A162B', 'D210C']",11,0.37676196644315496
-5.717356694396585,-3.181165286223404,-2.810323080397211,6.088198900222778,"['D16A', 'D23C', 'A100B', 'D111B', 'C123D', 'D124A', 'C139D', 'D147B', 'B205A', 'D229A', 'B255A']",11,0.3708422058261931
-5.096976491622627,-5.722688144422136,-4.731465735821985,6.088198900222778,"['D16A', 'A71D', 'A91C', 'C123A', 'A154C']",5,0.3655107558006421
-5.26892901485553,-5.722829886130057,-4.903560000762809,6.088198900222778,"['D16A', 'B59D', 'D118B', 'A154C', 'A187B', 'B261A']",6,0.36536901409272105
-5.730688758136239,-4.225431796978228,-3.8679216548916884,6.088198900222778,"['A10B', 'A100B', 'C139D', 'D147B', 'C194D', 'A202B']",6,0.3575101420865394
-5.732848044484854,-4.932599952328019,-4.577249096590094,6.088198900222778,"['A95B', 'A100B', 'C123A', 'B200A', 'B204A', 'C211B']",6,0.3553508557379246
-5.711164626292884,-5.733864155015908,-5.356829881086014,6.088198900222778,"['D16A', 'D23A', 'B24A', 'D38A', 'A100B', 'C123D', 'C164A']",7,0.35433474520687014
-4.903140725102276,-5.739399463287555,-4.554341288167052,6.088198900222778,"['A100B', 'A102B', 'D118A', 'C121B', 'C123D']",5,0.34879943693522364
-5.748369791544974,-3.8006970713613555,-3.460867962683551,6.088198900222778,"['B22D', 'D38A', 'A100B', 'C123D', 'D124A', 'B134C', 'A166B', 'A180B', 'B200A', 'C214B']",10,0.33982910867780447
-5.749572270957287,-3.875807016971521,-3.53718038770603,6.088198900222778,"['A71D', 'A100B', 'D111B', 'C139D', 'D147B', 'B200A', 'B205A', 'C214B']",8,0.3386266292654909
-5.756926860951353,-5.170912538073026,-4.8396404988016,6.088198900222778,"['C30A', 'D65B', 'A73B', 'A100C', 'D111C', 'D124A', 'D125A', 'A162D', 'C164A', 'B200A', 'D210C', 'C214B', 'D229A', 'B255A']",14,0.33127203927142546
-3.1019174586981535,-5.759772701538168,-2.773491260013543,6.088198900222778,"['C6D', 'B22D', 'A100B', 'D111B', 'D118C', 'C123D', 'D124A', 'B134C', 'A154C']",9,0.3284261986846104
-3.320299228129443,-5.761869260924868,-2.9939695888315327,6.088198900222778,"['D38A', 'C98B', 'A154C', 'B200A']",4,0.32632963929791003
-4.300977144856006,-5.765572587843053,-3.9783508324762806,6.088198900222778,"['C49A', 'A100B', 'B103C', 'C123A', 'A154C', 'B205A', 'B255A']",7,0.3226263123797253
-4.689971103332937,-5.76929576031398,-4.371067963424139,6.088198900222778,"['C30A', 'C49A', 'C123D', 'D124A', 'D137C', 'A166B', 'B200A']",7,0.31890313990879804
-4.689971103332937,-5.76929576031398,-4.371067963424139,6.088198900222778,"['C30A', 'C49A', 'C123D', 'D124A', 'D137C', 'A166B', 'B200A']",7,0.31890313990879804
-4.990551977825817,-5.773636455996893,-4.675989533599932,6.088198900222778,"['C30A', 'B205A', 'C231A']",3,0.314562444225885
-3.50928518967703,-5.77522724296432,-3.1963135324185714,6.088198900222778,"['A10B', 'B24A', 'A100B', 'B110D', 'D111B', 'D118C', 'C123D', 'B134C', 'B200A']",9,0.31297165725845844
-5.338377370033413,-5.776041509467177,-5.026219979277812,6.088198900222778,"['B1A', 'C6D', 'B19A', 'C30A', 'A100B', 'D111C', 'C123A', 'D124A', 'A154C', 'A180B', 'B200A', 'C218A', 'A221C']",13,0.3121573907556012
-5.778330809844192,-5.329189810785465,-5.019321720406879,6.088198900222778,"['B19A', 'B199C', 'B200A']",3,0.3098680903785862
-1.9487852579331957,-5.779501402168535,-1.640087759878952,6.088198900222778,"['C30A', 'C49A', 'A150B', 'A154C', 'C231D']",5,0.3086974980542436
-5.235928223468363,-5.793780402629636,-4.941509725875221,6.088198900222778,"['C49A', 'A71D', 'B89A', 'C123A']",4,0.2944184975931421
-4.428506941534579,-5.7947170896222815,-4.135025130934082,6.088198900222778,"['D16A', 'C30A', 'B110C', 'C112D', 'C123B', 'A202B']",6,0.29348181060049683
-5.797838402446359,-4.49110559548717,-4.200745097710751,6.088198900222778,"['D16A', 'B19A', 'A27B', 'D38A', 'B44D', 'C112D', 'C123D', 'D124A', 'C139D', 'D147B', 'A162C', 'B200A', 'C258A']",13,0.2903604977764189
-5.822415127826389,-5.383113360381685,-5.117329587985296,6.088198900222778,"['A13B', 'A100B', 'D111A', 'C139D', 'D147B', 'A192C']",6,0.2657837723963894
-3.8963524121209048,-5.8246972932247445,-3.632850805122871,6.088198900222778,"['A10B', 'B19A', 'A40C', 'D111B', 'A150B', 'B200A']",6,0.2635016069980338
-3.8963524121209048,-5.8246972932247445,-3.632850805122871,6.088198900222778,"['A10B', 'B19A', 'A40C', 'D111B', 'A150B', 'B200A']",6,0.2635016069980338
-4.168396549590398,-5.8266587312100455,-3.906856380577665,6.088198900222778,"['A13B', 'D16A', 'B22D', 'A27B', 'A29B', 'D38A', 'A73B', 'A96B', 'A100B', 'D111C', 'D118A', 'C121B', 'D124C', 'D142C', 'B200A', 'B205A', 'B239C']",17,0.2615401690127328
-4.67064746003598,-5.8287116553401574,-4.411160215153359,6.088198900222778,"['B22D', 'A91C', 'C123A', 'A154C']",4,0.25948724488262087
-5.837014376593288,-4.9181573073146865,-4.666972783685196,6.088198900222778,"['B5C', 'D16A', 'B19A', 'D21C', 'A27C', 'A34B', 'D38B', 'A100B', 'D124A', 'D135C', 'C139D', 'D147B', 'B199A', 'B200A']",14,0.2511845236294903
-5.8424506122246385,-5.553317781887017,-5.307569493888877,6.088198900222778,"['D16A', 'A100B', 'C123A', 'D124B', 'A162C', 'D217C']",6,0.24574828799813986
-5.84358712885296,-3.459421796607785,-3.2148100252379663,6.088198900222778,"['B19A', 'D111B', 'C139D', 'D147B', 'B200A', 'C211B']",6,0.2446117713698186
-5.6971763097681105,-5.84508995746728,-5.4540673670126125,6.088198900222778,"['A10B', 'A13B', 'B25A', 'A100B', 'C123A']",5,0.243108942755498
-5.376553038542625,-5.845358016318642,-5.133712154638488,6.088198900222778,"['A10B', 'A31B', 'A36B', 'A100B', 'C139D', 'D147C', 'B200A', 'C231A', 'B255A']",9,0.24284088390413672
-3.384036568866577,-5.845608698553406,-3.1414463671972044,6.088198900222778,"['D16A', 'C30A', 'C49A', 'A100B', 'A154C', 'A162C', 'B200A', 'C219B', 'B255A']",9,0.24259020166937262
-3.384036568866577,-5.845608698553406,-3.1414463671972044,6.088198900222778,"['D16A', 'C30A', 'C49A', 'A100B', 'A154C', 'A162C', 'B200A', 'C219B', 'B255A']",9,0.24259020166937262
-3.384036568866577,-5.845608698553406,-3.1414463671972044,6.088198900222778,"['D16A', 'C30A', 'C49A', 'A100B', 'A154C', 'A162C', 'B200A', 'C219B', 'B255A']",9,0.24259020166937262
-1.9300588676705956,-5.85018381557893,-1.6920437830267474,6.088198900222778,"['D16A', 'C30A', 'C49A', 'A100B', 'C123D', 'D137C', 'A150B', 'A154C', 'A162C', 'B200A']",10,0.23801508464384824
-5.8502064006752335,-5.22936701530125,-4.991374515753705,6.088198900222778,"['B22D', 'C30A', 'D124B', 'C139D', 'D147B', 'C231A']",6,0.23799249954754487
-5.853572525084019,-4.347754130954854,-4.113127755816095,6.088198900222778,"['C30A', 'D38C', 'A100B', 'C123D', 'C139D', 'D147B', 'C207A', 'C214B', 'D217B', 'A221C']",10,0.2346263751387596
-3.9226492433808744,-5.8554541690973565,-3.6899045122554526,6.088198900222778,"['A73B', 'A96B', 'A100B', 'D118B', 'C123D', 'D124A', 'D137B', 'D142A', 'A153B', 'C164A', 'D210C', 'B255A']",12,0.23274473112542182
-5.7958684442564845,-5.85811725014355,-5.5657867941772565,6.088198900222778,"['C49A', 'B59A', 'B62C', 'C123A']",4,0.23008165007922798
-5.858693559595849,-5.764610450598411,-5.535105109971482,6.088198900222778,"['A100B', 'A162C', 'C194B', 'D215A', 'C218B']",5,0.22950534062692896
-3.879441701748874,-5.863456119201146,-3.654698920727242,6.088198900222778,"['C9B', 'A10B', 'A192B', 'C194B', 'B205A', 'C207A', 'C211B', 'B253C']",8,0.22474278102163225
-5.855319572612643,-5.867107141646557,-5.6342278140364215,6.088198900222778,"['C30A', 'A71D', 'D111C', 'D118A', 'C121B', 'C123A', 'B200A', 'C218A', 'A221C']",9,0.22109175857622176
-4.1655547032132745,-5.867886691703461,-3.9452424946939573,6.088198900222778,"['B5C', 'D16A', 'C30A', 'C123D', 'D124A', 'C231A']",6,0.2203122085193172
-5.269467102771159,-5.8681322917109355,-5.0494004942593165,6.088198900222778,"['C30A', 'B87A', 'A100B', 'D124A', 'A180B']",5,0.2200666085118428
-5.8780560016748495,-5.753072286839597,-5.542929388291668,6.088198900222778,"['D23B', 'B24A', 'A27B', 'A34B', 'B44D', 'D124A', 'C139D', 'D147B', 'B200A', 'D229A']",10,0.21014289854792878
-5.8780560016748495,-5.753072286839597,-5.542929388291668,6.088198900222778,"['D23B', 'B24A', 'A27B', 'A34B', 'B44D', 'D124A', 'C139D', 'D147B', 'B200A', 'D229A']",10,0.21014289854792878
-5.878904876706656,-4.413460447802208,-4.204166424286086,6.088198900222778,"['C6D', 'A100B', 'A162C', 'D229A']",4,0.20929402351612225
-5.3134319288656116,-5.880882547586225,-5.106115576229058,6.088198900222778,"['D16A', 'C49B', 'D111C', 'C123A', 'D137C', 'C139D', 'D147B', 'B205A', 'D210C', 'D217C']",10,0.20731635263655335
-4.81993484852137,-5.8831941484240815,-4.614930096722674,6.088198900222778,"['A71D', 'A100B', 'D118C', 'D124A', 'D125B', 'C139D', 'D147B', 'A192B', 'B200A']",9,0.20500475179869682
-4.512403276748955,-5.885453104390763,-4.30965748091694,6.088198900222778,"['A13B', 'D23C', 'A73C', 'D111B', 'C123D', 'D124A', 'A133B', 'D135A', 'B200A', 'B205A', 'C233D', 'D254C', 'B255A']",13,0.20274579583201557
-5.891332871688064,-4.85468223632779,-4.657816207793076,6.088198900222778,"['C9B', 'B19A', 'A31B', 'C49A', 'A71D', 'A100B', 'D118A', 'C121B', 'D124A', 'C139D', 'D147B', 'A180B', 'D210C', 'C220D', 'A221C']",15,0.19686602853471413
-5.891332871688064,-4.85468223632779,-4.657816207793076,6.088198900222778,"['C9B', 'B19A', 'A31B', 'C49A', 'A71D', 'A100B', 'D118A', 'C121B', 'D124A', 'C139D', 'D147B', 'A180B', 'D210C', 'C220D', 'A221C']",15,0.19686602853471413
-5.719063307158649,-5.892292049131356,-5.523156456067227,6.088198900222778,"['D16A', 'B110D', 'D111C', 'C123A', 'D124A', 'A162D']",6,0.19590685109142214
-5.89242132374784,-5.420032438705675,-5.224254862230737,6.088198900222778,"['A100B', 'D118C', 'C139D', 'D147B', 'D210C', 'B226A', 'D229A', 'B255A']",8,0.19577757647493854
-3.6891881203628145,-5.893622103496455,-3.494611323636491,6.088198900222778,"['A13B', 'B20C', 'C49A', 'A175B']",4,0.19457679672632366
-4.6919190813205205,-5.893742030370049,-4.497462211467791,6.088198900222778,"['D38A', 'B44A', 'C155A', 'B200A', 'C214B', 'D215C']",6,0.19445686985272914
-4.51384185574716,-5.897068865480833,-4.322711821005214,6.088198900222778,"['C30A', 'A100B', 'A150B', 'A197B', 'B200A']",5,0.19113003474194556
-5.910195364616811,-5.912600965122692,-5.734597429516725,6.088198900222778,"['C49A', 'C112D', 'C123D', 'D124A', 'D137B', 'C139D', 'D147B', 'A153B', 'A166B', 'B200A']",10,0.17559793510008603
-5.910195364616811,-5.912600965122692,-5.734597429516725,6.088198900222778,"['C49A', 'C112D', 'C123D', 'D124A', 'D137B', 'C139D', 'D147B', 'A153B', 'A166B', 'B200A']",10,0.17559793510008603
-5.910195364616811,-5.912600965122692,-5.734597429516725,6.088198900222778,"['C49A', 'C112D', 'C123D', 'D124A', 'D137B', 'C139D', 'D147B', 'A153B', 'A166B', 'B200A']",10,0.17559793510008603
-5.019393309892621,-5.915823885123245,-4.847018294793088,6.088198900222778,"['D23B', 'A100B', 'D124A', 'B134C', 'A180B', 'B205A', 'D228B', 'D229A', 'B255A']",9,0.1723750150995329
-5.019393309892621,-5.915823885123245,-4.847018294793088,6.088198900222778,"['D23B', 'A100B', 'D124A', 'B134C', 'A180B', 'B205A', 'D228B', 'D229A', 'B255A']",9,0.1723750150995329
-5.919349004921969,-5.633268583915196,-5.464418688614387,6.088198900222778,['D16B'],1,0.1688498953008093
-5.348376279696822,-5.923957218765281,-5.184134598239325,6.088198900222778,"['B5C', 'D16A', 'A31B', 'B44D', 'C123D', 'A202B', 'D252A']",7,0.16424168145749718
-3.042123139312025,-5.927941126632504,-2.881865365721751,6.088198900222778,"['A10B', 'B19A', 'C30A', 'A73B', 'A96B', 'D118A', 'C121B', 'D124A', 'D142C', 'B200A', 'C214B']",11,0.16025777359027416
-5.936374423501547,-5.379595450474881,-5.22777097375365,6.088198900222778,"['A13B', 'C139D', 'D147B', 'A187B', 'B200A', 'C218D', 'C219B', 'B255A']",8,0.1518244767212309
-5.936653479002416,-4.683637256617658,-4.532091835397296,6.088198900222778,"['A13B', 'A96B', 'A100B', 'D118B', 'C123A', 'A141C', 'C207A', 'D210C', 'C211A', 'B253C', 'D254B']",11,0.1515454212203622
-5.938405136577785,-4.63933146034833,-4.489537696703337,6.088198900222778,"['A100B', 'C123B', 'D124B']",3,0.1497937636449933
-3.975818996259477,-5.942000716808252,-3.8296208128449507,6.088198900222778,"['A10B', 'C30A', 'D38A', 'B44C', 'A100B', 'A150B', 'A154C', 'B200A', 'C231D']",9,0.14619818341452628
-5.944639197550714,-5.186309949378483,-5.042750246706419,6.088198900222778,"['D16A', 'C30A', 'A100B', 'A102B', 'C123B', 'D124A', 'A197B', 'B200A', 'B205A', 'C231A']",10,0.1435597026720643
-5.947697530442383,-3.4683788287220523,-3.327877458941657,6.088198900222778,"['A13B', 'A73C', 'A96B', 'A100B', 'D142A', 'A166B', 'C207A', 'D210B', 'D229C']",9,0.14050136978039518
-5.9499772898852825,-5.552199799451046,-5.41397818911355,6.088198900222778,"['A13B', 'B19A', 'C30A', 'A100B', 'C123A', 'C139D', 'D147B', 'A192B', 'B200A', 'D210B', 'D217B', 'B230A']",12,0.1382216103374958
-5.9500573496334255,-4.3409768677083775,-4.202835317119025,6.088198900222778,"['D16A', 'A92C', 'A100B', 'C123A', 'B134C', 'A141C', 'B200A', 'C233D']",8,0.13814155058935285
-5.952221750689205,-4.708016585907899,-4.572039436374325,6.088198900222778,"['A100B', 'C139D', 'D147B', 'A192C', 'B205A']",5,0.13597714953357354
-5.953423942846712,-5.703801834373735,-5.569026876997668,6.088198900222778,"['C49A', 'D124B', 'C139D', 'D147B']",4,0.1347749573760666
-5.006151152250823,-5.955307298689149,-4.873259550717194,6.088198900222778,"['D23B', 'A100B', 'D124A', 'B134C', 'A180B', 'B205A', 'D228B', 'D229A']",8,0.132891601533629
-4.089652862865478,-5.956188525422476,-3.9576424880651757,6.088198900222778,"['A73B', 'A96B', 'D118B', 'C123A', 'D142A', 'A162D', 'D229C']",7,0.1320103748003021
-5.956411269493401,-4.702346641919576,-4.570559011190198,6.088198900222778,"['C30A', 'C123B', 'D124A', 'C164A', 'B204A']",5,0.13178763072937727
-4.693288098555058,-5.962501491769217,-4.567590690101497,6.088198900222778,"['D16A', 'A96B', 'A100B', 'B110D', 'D111B', 'D118B', 'C123B', 'D124A', 'A154C', 'C164A', 'A197B', 'B200A', 'C219B', 'B226A', 'B255A']",15,0.12569740845356137
-5.767673876543995,-5.9666625949321315,-5.646137571253348,6.088198900222778,"['B5C', 'A13B', 'B20A', 'B22D', 'D23B', 'B24A', 'D38A', 'B44D', 'A100B', 'C139D', 'D147B', 'B200A']",12,0.12153630529064685
-4.7587890368304215,-5.9751914300723,-4.645781566679943,6.088198900222778,"['A10B', 'A13B', 'C30A', 'D38A', 'C56B', 'A100B', 'D118B', 'B200A', 'B205A', 'C214B', 'D229A']",11,0.11300747015047818
-4.279891808517277,-5.981473963125609,-4.173166871420108,6.088198900222778,"['D16A', 'C30A', 'B110C', 'C112D', 'C123B', 'D124A', 'B188A', 'A202B']",8,0.10672493709716946
-4.553246420342475,-5.982274983893149,-4.4473225040128455,6.088198900222778,"['B19A', 'D38B', 'C49A', 'A100B', 'D118C', 'C121B', 'C123A', 'B200A', 'A221C']",9,0.10592391632962972
-3.713000155054033,-5.9855513292131945,-3.610352584044449,6.088198900222778,"['C30A', 'A53B', 'C112D', 'C123A', 'D124A', 'B200A', 'C214B']",7,0.10264757100958377
-3.713000155054033,-5.9855513292131945,-3.610352584044449,6.088198900222778,"['C30A', 'A53B', 'C112D', 'C123A', 'D124A', 'B200A', 'C214B']",7,0.10264757100958377
-5.986624274693895,-5.804337106994353,-5.70276248146547,6.088198900222778,"['D16A', 'A27B', 'A29B', 'B59D', 'B105A', 'C114B', 'D137A', 'C139A', 'D147A', 'C207B', 'C231D', 'B255A']",12,0.10157462552888319
-5.513107739330735,-5.989747816114686,-5.414656655222643,6.088198900222778,"['A10B', 'D23B', 'B24A', 'A27B', 'D38A', 'A70C', 'C214B', 'D229A']",8,0.09845108410809189
-4.56598036410287,-5.989969506743364,-4.467750970623456,6.088198900222778,"['B33A', 'A100B', 'D111C', 'B200A', 'C233D']",5,0.09822939347941428
-5.3745633768849075,-5.9915169103769585,-5.277881387039088,6.088198900222778,"['A96B', 'A100B', 'D118B', 'C123D', 'D124A', 'D142C', 'A153B', 'C164A', 'D210C', 'B255A']",10,0.09668198984581977
-4.206148342229426,-5.991917624953203,-4.1098670669598505,6.088198900222778,"['D38A', 'A91C', 'A100B', 'C123D', 'B134C', 'A154C', 'A180B', 'B200A']",8,0.09628127526957542
-3.5540775372064672,-5.993946272297762,-3.4598249092814513,6.088198900222778,"['C30A', 'A73B', 'D124B', 'D137C', 'D142C', 'C231A']",6,0.09425262792501599
-4.246030389738735,-5.994925274862908,-4.152756764378864,6.088198900222778,"['B5C', 'D16A', 'C30A', 'A96B', 'A100B', 'D118B', 'D142C', 'B205A', 'C231A']",9,0.0932736253598705
-5.997051612881478,-5.1202540778322145,-5.029106790490914,6.088198900222778,"['B19A', 'D38A', 'A100B', 'D118C', 'C139D', 'D147B', 'B200A', 'A202B']",8,0.0911472873413004
-5.056048258149531,-5.99729692551773,-4.965146283444483,6.088198900222778,"['A10B', 'D23C', 'C30A', 'A73B', 'A100B', 'D111A', 'D142C', 'B200A', 'D217A', 'C218B', 'C233D']",11,0.0909019747050479
-6.000660648511257,-4.80974256794434,-4.722204316232819,6.088198900222778,"['A10B', 'C30A', 'B62A', 'A100B', 'D111B', 'C139D', 'D147B', 'A192C', 'B200A', 'B253D']",10,0.0875382517115213
-4.435592238267418,-6.001531072310172,-4.348924410354812,6.088198900222778,"['B44A', 'C139D', 'D147B', 'C155A']",4,0.0866678279126063
-5.418232000840362,-6.0070740095106885,-5.337107110128272,6.088198900222778,"['C6D', 'B110C', 'B200A', 'C219D']",4,0.08112489071208984
-4.834350502060261,-6.0101664763642475,-4.75631807820173,6.088198900222778,"['C49A', 'A91C', 'D124A', 'B134C', 'A153C', 'A161B', 'B200A', 'C214B', 'C233D']",9,0.07803242385853082
-3.3928517042659223,-6.010515470406972,-3.315168274450116,6.088198900222778,"['A13B', 'A71D', 'C123D', 'D124A', 'D147C', 'B200A', 'C231A', 'B255A']",8,0.07768342981580645
-5.85853804735234,-6.014190387330018,-5.78452953445958,6.088198900222778,"['D16A', 'C218B', 'C219B', 'D254A']",4,0.07400851289276034
-5.306916592642665,-6.015721438336186,-5.234439130756073,6.088198900222778,"['D111B', 'C121B', 'C123D', 'D137A', 'C139A', 'D147A', 'B255A']",7,0.07247746188659221
-6.022041123826057,-2.3335998955881223,-2.2674421191914007,6.088198900222778,"['A100B', 'B105A', 'C112D', 'C123B', 'D124A', 'C139D', 'D147B', 'A166B', 'C233D']",9,0.0661577763967216
-6.022116313688457,-5.038070340524428,-4.971987753990106,6.088198900222778,"['D16A', 'A53B', 'A73C', 'A96B', 'A100B', 'D111A', 'D118B', 'C123A', 'D142A', 'B186A', 'A187B', 'D210C', 'D229C', 'B255A']",14,0.06608258653432131
-4.961042144335806,-6.024804889573716,-4.897648133686744,6.088198900222778,"['B5C', 'D16A', 'C30A', 'C123D', 'D124B', 'C231A']",6,0.0633940106490627
-2.367911628447473,-6.025746832950972,-2.3054595611756667,6.088198900222778,"['D16A', 'C49A', 'A71D', 'D111B', 'D118B', 'C122B', 'C123D']",7,0.0624520672718063
-3.6766156902885996,-6.0299635821720585,-3.61838037223788,6.088198900222778,"['C49A', 'A150B']",2,0.0582353180507198
-3.7660294626257382,-6.037163423723541,-3.714993986126501,6.088198900222778,"['A10B', 'C49A', 'D118C', 'C121B', 'A154C', 'C194D', 'B200A', 'D217B']",8,0.05103547649923712
-6.045790572650731,-5.91073619981762,-5.8683278722455725,6.088198900222778,"['B19A', 'D111A', 'C123A']",3,0.04240832757204771
-6.049003540480044,-5.331217974307947,-5.292022614565212,6.088198900222778,"['A10B', 'D23C', 'B24A', 'C30A', 'A100B', 'B134C', 'C139D', 'D147B', 'B200A']",9,0.03919535974273458
-4.9404198583215475,-6.052614849875681,-4.90483580797445,6.088198900222778,"['A10B', 'C30A', 'C49A', 'B110C', 'C121B', 'C123B', 'D142C', 'B200A']",8,0.03558405034709722
-6.052882220072206,-5.142685802537017,-5.107369122386444,6.088198900222778,"['D38A', 'A100B', 'A109B', 'A141B', 'B200A']",5,0.03531668015057221
-5.230510511435568,-6.053939368459396,-5.196250979672186,6.088198900222778,"['A13B', 'D16A', 'B17A', 'B20C', 'C123A', 'C194B', 'A202B', 'D229A']",8,0.034259531763382256
-4.646096828393638,-6.054178176796995,-4.612076104967855,6.088198900222778,"['B11A', 'A13B', 'B20A', 'B22C', 'C30A', 'A91C', 'A100B', 'C123A', 'A150B', 'A154C', 'B203A', 'C214B']",12,0.03402072342578322
-4.842391441576183,-6.056613996508531,-4.810806537861936,6.088198900222778,"['A10B', 'A100B', 'C123A', 'A180B', 'A192D', 'B200A', 'B205A', 'D252A', 'B255A']",9,0.03158490371424705
-4.842391441576183,-6.056613996508531,-4.810806537861936,6.088198900222778,"['A10B', 'A100B', 'C123A', 'A180B', 'A192D', 'B200A', 'B205A', 'D252A', 'B255A']",9,0.03158490371424705
-5.927684875612613,-6.05664573458489,-5.896131709974725,6.088198900222778,"['B22D', 'A27B', 'A36B', 'A71D', 'D118A', 'C121B', 'D124A', 'C214B', 'C220D', 'A221C']",10,0.031553165637888014
-5.8588142157532275,-6.075404439470731,-5.84601975500118,6.088198900222778,"['B5C', 'C9B', 'B44D', 'A100B', 'D118C', 'C121B', 'C123A']",7,0.012794460752047598
-6.073465970752295,-6.086090064025484,-6.071357134555001,6.088198900222778,"['A13B', 'B62A', 'A100B', 'D111A', 'C139D', 'D147B', 'A192C']",7,0.002108836197294295
-4.002869040064979,-6.087233291356824,-4.001903431199025,6.088198900222778,"['D16A', 'C30A', 'B105A', 'D124A', 'D125A', 'C139D', 'D147C', 'C155A', 'A162B', 'B172A', 'B200A', 'B255A']",12,0.0009656088659539819
